Kategorie;Frage;
Beim Feiern;Wer tanzt am wildesten, wenn niemand zuschaut?;
Beim Feiern;Wer bestellt die peinlichsten Drinks?;
Beim Feiern;Wer vergisst am ehesten den Heimweg?;
Beim Feiern;Wer flirtet mit dem Türsteher?;
Beim Feiern;Wer macht am meisten Selfies auf der Tanzfläche?;
Beim Feiern;Wer ist am schnellsten betrunken?;
Beim Feiern;Wer bleibt immer bis zum bitteren Ende?;
Beim Feiern;Wer ist heimlicher Star der Tanzfläche?;
Beim Feiern;Wer ruft ex betrunken an?;
Beim Feiern;Wer braucht am nächsten Morgen den stärksten Kaffee?;
Beim Feiern;Wer tanzt auf dem Tisch, bevor die Musik überhaupt läuft?;
Beim Feiern;Wer ruft mitten in der Nacht „Afterparty bei mir!“ und meint es ernst?;
Beim Feiern;Wer macht beim Trinken plötzlich philosophische Monologe?;
Beim Feiern;Wer nimmt heimlich Videos auf, um sie am nächsten Morgen zu zeigen?;
Beim Feiern;Wer bringt immer eine Flasche mit – aber sie ist leer?;
Beim Feiern;Wer verliert jedes Mal mindestens einen Schuh?;
Beim Feiern;Wer denkt, jeder Song sei „ihr Lied“?;
Beim Feiern;Wer verschwindet plötzlich – und taucht drei Stunden später mit Pizza auf?;
Beim Feiern;Wer tanzt mit Fremden als wären es alte Freunde?;
Beim Feiern;Wer erklärt um 3 Uhr morgens seine Lebensvision?;
Beim Feiern;Wer hat immer Konfetti dabei?;
Beim Feiern;Wer bestellt Shots für alle und verschwindet dann?;
Beim Feiern;Wer küsst Menschen, deren Namen er nie erfährt?;
Beim Feiern;Wer findet sich auf fremden Instagram-Stories wieder?;
Beim Feiern;Wer improvisiert Gruppentänze?;
Beim Feiern;Wer startet Trinkspiele, die niemand versteht?;
Beim Feiern;Wer tanzt barfuß durch verschüttete Drinks?;
Beim Feiern;Wer macht Selfies mit der Security?;
Beim Feiern;Wer verliert ständig sein Handy?;
Beim Feiern;Wer hält die Bar für ein Beichtstuhl?;
Beim Feiern;Wer sagt „Ich trink nix heute“ und endet im Taxi?;
Beim Feiern;Wer kennt alle Barkeeper beim Namen?;
Beim Feiern;Wer verpasst den letzten Bus – jedes Mal?;
Beim Feiern;Wer redet stundenlang über Sternzeichen?;
Beim Feiern;Wer singt mit, obwohl er den Text nicht kennt?;
Beim Feiern;Wer fällt ständig auf den DJ rein, wenn der Musikwechsel vortäuscht?;
Beim Feiern;Wer will immer die Musik übernehmen?;
Beim Feiern;Wer trägt Outfits, die nur für Clubs gedacht sind?;
Beim Feiern;Wer tanzt wie in einem Musikvideo aus den 2000ern?;
Beim Feiern;Wer flirtet mit allen – auch mit sich selbst im Spiegel?;
Beim Feiern;Wer führt tiefgründige Gespräche auf der Toilette?;
Beim Feiern;Wer klebt an der Bar wie ein Magnet?;
Beim Feiern;Wer tanzt mit einem Getränk in jeder Hand?;
Beim Feiern;Wer fängt jeden Partyabend mit „nur kurz vorbeischauen“ an?;
Beim Feiern;Wer fragt den DJ nach Balladen – zur falschen Zeit?;
Beim Feiern;Wer ruft aus Versehen den Ex mitten in der Nacht an?;
Beim Feiern;Wer hat immer Glitzer dabei – auch für andere?;
Beim Feiern;Wer vergisst seinen Mantel – und holt ihn nie ab?;
Beim Feiern;Wer organisiert Runden für alle, ohne zu fragen?;
Beim Feiern;Wer tanzt mit Möbeln, wenn niemand sonst will?;
Beim Feiern;Wer sagt immer „Ich geh nie wieder feiern“ – und ist am nächsten Wochenende wieder da?;
Beim Feiern;Wer tanzt mit einem Hut, den niemand kennt?;
Beim Feiern;Wer bestellt immer das teuerste Getränk?;
Beim Feiern;Wer vergisst jedes Mal, wo die Toilette ist?;
Beim Feiern;Wer macht die verrücktesten Tanzmoves?;
Beim Feiern;Wer bringt immer neue Leute mit zur Party?;
Beim Feiern;Wer macht die meisten Fotos, aber postet keins?;
Beim Feiern;Wer singt Karaoke, auch wenn niemand zuhört?;
Beim Feiern;Wer tanzt auf der Bar, wenn die Musik laut ist?;
Beim Feiern;Wer erzählt die peinlichsten Geschichten?;
Beim Feiern;Wer verliert immer sein Portemonnaie?;

In Beziehungen;Wer ist am romantischsten?;
In Beziehungen;Wer ghostet Leute nach dem dritten Date?;
In Beziehungen;Wer verliebt sich zu schnell?;
In Beziehungen;Wer hat die strengsten Dating-Regeln?;
In Beziehungen;Wer würde einen Liebesbrief schreiben?;
In Beziehungen;Wer plant heimlich eine Hochzeit im Kopf?;
In Beziehungen;Wer kann am schlechtesten flirten?;
In Beziehungen;Wer hat das größte Herz?;
In Beziehungen;Wer hat die meisten Beziehungstipps, ist aber selbst Single?;
In Beziehungen;Wer zieht sich am schnellsten zurück?;
In Beziehungen;Wer plant das erste Date wochenlang?;
In Beziehungen;Wer vergisst den Jahrestag?;
In Beziehungen;Wer schreibt die längsten Nachrichten?;
In Beziehungen;Wer bringt immer kleine Geschenke mit?;
In Beziehungen;Wer macht die meisten Selfies zu zweit?;
In Beziehungen;Wer ist am eifersüchtigsten?;
In Beziehungen;Wer schlägt immer neue Aktivitäten vor?;
In Beziehungen;Wer braucht am längsten, um sich zu melden?;
In Beziehungen;Wer redet am meisten über die Zukunft?;
In Beziehungen;Wer hat die meisten Insider-Witze?;

Bei der Arbeit;Wer macht die besten Pausen?;
Bei der Arbeit;Wer drückt sich am meisten vor Aufgaben?;
Bei der Arbeit;Wer wäre ein super Chef?;
Bei der Arbeit;Wer hat den unaufgeräumtesten Schreibtisch?;
Bei der Arbeit;Wer schreibt die längsten Mails?;
Bei der Arbeit;Wer würde heimlich am liebsten kündigen?;
Bei der Arbeit;Wer lebt nur für den Feierabend?;
Bei der Arbeit;Wer ist die wandelnde To-Do-Liste?;
Bei der Arbeit;Wer vergisst ständig Deadlines?;
Bei der Arbeit;Wer bringt die besten Snacks mit?;
Bei der Arbeit;Wer bringt immer Kuchen mit?;
Bei der Arbeit;Wer vergisst ständig das Passwort?;
Bei der Arbeit;Wer macht die besten Witze im Büro?;
Bei der Arbeit;Wer ist immer zu spät zum Meeting?;
Bei der Arbeit;Wer hat den buntesten Kalender?;
Bei der Arbeit;Wer schreibt die kreativsten E-Mails?;
Bei der Arbeit;Wer macht die längsten Kaffeepausen?;
Bei der Arbeit;Wer hat immer einen Plan B?;
Bei der Arbeit;Wer bringt die meisten Ideen ein?;
Bei der Arbeit;Wer ist der heimliche Chef?;

In der Schule;Wer hat am häufigsten geschummelt?;
In der Schule;Wer hatte den schlimmsten Sitznachbarn?;
In der Schule;Wer war heimlich verliebt in eine Lehrperson?;
In der Schule;Wer war KlassensprecherIn aus Versehen?;
In der Schule;Wer hat die besten Ausreden für nicht gemachte Hausaufgaben?;
In der Schule;Wer war der Pausenclown?;
In der Schule;Wer wurde am häufigsten erwischt?;
In der Schule;Wer hatte den hässlichsten Turnbeutel?;
In der Schule;Wer war immer vorbereitet?;
In der Schule;Wer hat in Gruppenarbeiten nichts gemacht, aber die Note bekommen?;
In der Schule;Wer bringt immer einen Apfel für die Lehrkraft – und isst ihn selbst?;
In der Schule;Wer schreibt Spickzettel, die er dann verliert?;
In der Schule;Wer meldet sich nur, wenn er die Antwort nicht weiß?;
In der Schule;Wer hat Hausaufgaben als Konzept nie verstanden?;
In der Schule;Wer bringt immer Ausreden, die sogar die Lehrkraft beeindrucken?;
In der Schule;Wer hält Referate über Themen, die niemand gewählt hat?;
In der Schule;Wer vergisst ständig, dass es heute Sport gibt?;
In der Schule;Wer hat ein geheimes Pausenbrot-Imperium?;
In der Schule;Wer schreibt seinen Namen falsch auf die Klassenarbeit?;
In der Schule;Wer fragt am Ende der Stunde, was die Hausaufgabe war?;
In der Schule;Wer bringt immer den falschen Stundenplan mit?;
In der Schule;Wer fragt nach Ferien, wenn gerade Ferien sind?;
In der Schule;Wer verwechselt Mathe mit Kunst?;
In der Schule;Wer schreibt den Spickzettel so groß, dass ihn jeder sieht?;
In der Schule;Wer bringt immer zu viel Pausenbrot mit und isst alles selbst?;
In der Schule;Wer fragt nach Gruppenarbeit, um dann alleine zu arbeiten?;
In der Schule;Wer hat immer eine Ausrede für vergessene Bücher?;
In der Schule;Wer hält sich für den Klassenclown, aber niemand lacht?;
In der Schule;Wer fragt am Ende des Schuljahres nach den Hausaufgaben?;
In der Schule;Wer bringt immer einen Stift für alle mit – aber nie für sich selbst?;
In der Schule;Wer bringt immer einen Taschenrechner, aber vergisst Mathe?;
In der Schule;Wer fragt nach Gruppenarbeit, um dann doch alles allein zu machen?;
In der Schule;Wer schreibt die Hausaufgaben ab – und erwischt die falsche Seite?;
In der Schule;Wer bringt immer einen Snack für die Lehrkraft?;
In der Schule;Wer fragt nach dem Stundenplan, obwohl er ihn auswendig kennt?;
In der Schule;Wer macht aus dem Wandertag ein Survival-Abenteuer?;
In der Schule;Wer bringt immer einen Regenschirm – auch bei Sonne?;
In der Schule;Wer fragt nach dem Pausengong, wenn alle schon draußen sind?;
In der Schule;Wer bringt immer einen Ersatzstift für alle – aber keinen für sich?;
In der Schule;Wer fragt nach dem Lehrerzimmer, obwohl er schon 5 Jahre da ist?;

In peinlichen Momenten;Wer fällt am ehesten hin, wenn's alle sehen?;
In peinlichen Momenten;Wer sagt immer das Falsche zur falschen Zeit?;
In peinlichen Momenten;Wem ist mal etwas super Peinliches beim Daten passiert?;
In peinlichen Momenten;Wer ruft aus Versehen die falsche Person an?;
In peinlichen Momenten;Wer schickt Nachrichten an die falsche Gruppe?;
In peinlichen Momenten;Wer wird rot, wenn es still wird?;
In peinlichen Momenten;Wem ist schon mal was Peinliches beim Elternabend passiert?;
In peinlichen Momenten;Wer stolpert beim Einsteigen in den Bus?;
In peinlichen Momenten;Wer hat schon mal jemand Fremdes für eine bekannte Person gehalten?;
In peinlichen Momenten;Wer verhaspelt sich beim Vorstellen?;
In peinlichen Momenten;Wer lacht am lautesten über die eigenen Missgeschicke?;
In peinlichen Momenten;Wer stolpert über die eigenen Füße beim Smalltalk?;
In peinlichen Momenten;Wer verwechselt den Chef mit dem Pizzaboten?;
In peinlichen Momenten;Wer grüßt wildfremde Menschen überschwänglich?;
In peinlichen Momenten;Wer erzählt peinliche Geschichten – und merkt es erst später?;
In peinlichen Momenten;Wer ruft „Mama!“ im Meeting?;
In peinlichen Momenten;Wer schickt versehentlich ein Meme an die Familiengruppe?;
In peinlichen Momenten;Wer vergisst beim Videocall, dass die Kamera an ist?;
In peinlichen Momenten;Wer sagt „Ich liebe dich“ aus Versehen zum Kollegen?;
In peinlichen Momenten;Wer winkt beim Verabschieden – und läuft gegen die Tür?;
In peinlichen Momenten;Wer sagt „Guten Appetit“ im Fahrstuhl?;
In peinlichen Momenten;Wer winkt zurück, obwohl er gar nicht gemeint ist?;
In peinlichen Momenten;Wer stellt sich im Restaurant an den falschen Tisch?;
In peinlichen Momenten;Wer ruft „Papa!“ im Supermarkt – und es ist nicht der Papa?;
In peinlichen Momenten;Wer lacht über einen Witz, den er nicht verstanden hat?;
In peinlichen Momenten;Wer verabschiedet sich am Telefon mit „Ich hab dich lieb“ beim Chef?;
In peinlichen Momenten;Wer vergisst, dass das Mikrofon noch an ist?;
In peinlichen Momenten;Wer schickt eine Sprachnachricht mit Hintergrundgeräuschen?;
In peinlichen Momenten;Wer stellt sich im Bus an die falsche Haltestelle?;
In peinlichen Momenten;Wer ruft aus Versehen den Lehrer „Mama“?;
In peinlichen Momenten;Wer sagt „Tschüss, ich liebe dich“ zum Paketboten?;
In peinlichen Momenten;Wer winkt beim Videocall, obwohl die Kamera aus ist?;
In peinlichen Momenten;Wer stellt sich im Supermarkt an die falsche Kasse?;
In peinlichen Momenten;Wer ruft „Mama“ im Restaurant?;
In peinlichen Momenten;Wer lacht über einen Witz, den er selbst nicht versteht?;
In peinlichen Momenten;Wer verabschiedet sich mit Handschlag – beim Videocall?;
In peinlichen Momenten;Wer vergisst, dass das Mikrofon noch an ist – und singt?;
In peinlichen Momenten;Wer schickt eine Sprachnachricht mit Hustenanfall?;
In peinlichen Momenten;Wer stellt sich im Bus an die falsche Tür?;
In peinlichen Momenten;Wer ruft aus Versehen den Lehrer „Papa“?;

Im Urlaub;Wer packt immer zu viel ein?;
Im Urlaub;Wer verläuft sich trotz Google Maps?;
Im Urlaub;Wer sucht den nächsten Strand nach Instagram-Potenzial aus?;
Im Urlaub;Wer spricht kein Wort der Landessprache, tut aber so?;
Im Urlaub;Wer schläft den halben Tag im Hotel?;
Im Urlaub;Wer wird sofort von Mücken gestochen?;
Im Urlaub;Wer vergisst regelmäßig Sonnencreme?;
Im Urlaub;Wer hat immer einen Kulturschock?;
Im Urlaub;Wer flirtet mit Einheimischen?;
Im Urlaub;Wer fotografiert sogar das Frühstück?;
Im Urlaub;Wer plant Sightseeing und schläft dann durch?;
Im Urlaub;Wer sucht WLAN, bevor er das Hotelzimmer sucht?;
Im Urlaub;Wer bestellt im Ausland immer Pommes?;
Im Urlaub;Wer vergisst den Reisepass, aber nimmt drei Sonnenbrillen mit?;
Im Urlaub;Wer macht Fotos von jedem Essen – auch vom Flugzeugessen?;
Im Urlaub;Wer spricht lauter, damit die Einheimischen ihn verstehen?;
Im Urlaub;Wer kauft Souvenirs, die er nie verschenkt?;
Im Urlaub;Wer sucht den Pool, auch wenn es keinen gibt?;
Im Urlaub;Wer fragt nach All-Inclusive, auch im Zeltlager?;
Im Urlaub;Wer verpasst den Rückflug, weil er noch am Strand schläft?;
Im Urlaub;Wer fragt nach dem Wetter, obwohl es regnet?;
Im Urlaub;Wer sucht im Hotelzimmer zuerst die Minibar?;
Im Urlaub;Wer vergisst immer die Zimmernummer?;
Im Urlaub;Wer bestellt im Ausland immer das, was er nicht aussprechen kann?;
Im Urlaub;Wer bringt Souvenirs mit, die niemand will?;
Im Urlaub;Wer fragt nach deutschem Brot im Ausland?;
Im Urlaub;Wer macht aus jedem Ausflug eine Fotosession?;
Im Urlaub;Wer sucht im Urlaub nach dem nächsten Urlaub?;
Im Urlaub;Wer verpasst den Bus zur Stadtführung?;
Im Urlaub;Wer fragt nach WLAN am Strand?;
Im Urlaub;Wer bringt immer einen Reiseführer, aber liest ihn nie?;
Im Urlaub;Wer fragt nach dem Pool, wenn es nur einen See gibt?;
Im Urlaub;Wer bestellt im Ausland immer das, was er nicht mag?;
Im Urlaub;Wer bringt immer einen Koffer zu viel mit?;
Im Urlaub;Wer fragt nach WLAN im Wald?;
Im Urlaub;Wer macht aus jedem Ausflug ein Fotoshooting?;
Im Urlaub;Wer sucht im Urlaub nach dem nächsten Urlaubsort?;
Im Urlaub;Wer verpasst den Bus zur Stadtführung – jedes Mal?;
Im Urlaub;Wer fragt nach WLAN am Strand – auch bei Regen?;
Im Urlaub;Wer bringt immer ein Handtuch zu wenig mit?;

Beim Sport;Wer gibt nach fünf Minuten auf?;
Beim Sport;Wer sieht beim Joggen trotzdem stylisch aus?;
Beim Sport;Wer nimmt es zu ernst?;
Beim Sport;Wer hat die coolsten Sportklamotten, macht aber nichts?;
Beim Sport;Wer kennt keine Regeln, jubelt aber laut?;
Beim Sport;Wer kommt nur wegen der After-Workout-Selfies?;
Beim Sport;Wer verletzt sich am wahrscheinlichsten bei Dehnübungen?;
Beim Sport;Wer vergisst die Sportschuhe?;
Beim Sport;Wer motiviert alle anderen, macht selbst aber Pause?;
Beim Sport;Wer lässt sich aus Prinzip nicht schlagen?;
Beim Sport;Wer bringt immer Ausreden, warum heute nicht trainiert wird?;
Beim Sport;Wer trägt Sportkleidung nur zum Einkaufen?;
Beim Sport;Wer zählt Dehnübungen als Workout?;
Beim Sport;Wer motiviert alle – und bleibt dann auf der Bank?;
Beim Sport;Wer hat immer die neuesten Fitness-Gadgets, aber keine Kondition?;
Beim Sport;Wer macht mehr Selfies als Sit-ups?;
Beim Sport;Wer verwechselt Yoga mit Nickerchen?;
Beim Sport;Wer hat eine Playlist für jede Sportart, aber keinen Plan?;
Beim Sport;Wer feiert das Aufwärmen als Hauptteil?;
Beim Sport;Wer bringt Snacks zum Training?;
Beim Sport;Wer fragt nach dem WLAN-Passwort im Fitnessstudio?;
Beim Sport;Wer hat immer eine Verletzung – aber nur beim Aufräumen?;
Beim Sport;Wer kennt alle Regeln, aber spielt nie mit?;
Beim Sport;Wer bringt einen Fanclub mit zum Training?;
Beim Sport;Wer hat eine Ausrede für jedes Wetter?;
Beim Sport;Wer bringt immer die falschen Sportschuhe mit?;
Beim Sport;Wer fragt nach der Pause, bevor es losgeht?;
Beim Sport;Wer verwechselt das Fitnessstudio mit dem Café?;
Beim Sport;Wer hat immer eine Verletzung, wenn es anstrengend wird?;
Beim Sport;Wer bringt Snacks für die Halbzeit – und isst sie vorher?;
Beim Sport;Wer fragt nach dem Spielstand, obwohl er mitspielt?;
Beim Sport;Wer macht aus dem Aufwärmen ein Workout?;
Beim Sport;Wer bringt immer einen Fan mit, aber keinen Sportsgeist?;
Beim Sport;Wer fragt nach dem Ziel, wenn alle schon fertig sind?;
Beim Sport;Wer bringt immer die Musikbox, aber vergisst die Musik?;

In der Freundschaft;Wer hört am besten zu?;
In der Freundschaft;Wer meldet sich nie, aber ist immer da, wenn's zählt?;
In der Freundschaft;Wer plant alle Treffen?;
In der Freundschaft;Wer bringt die beste Energie mit?;
In der Freundschaft;Wer ist am zuverlässigsten?;
In der Freundschaft;Wer hat immer Drama, aber gute Geschichten?;
In der Freundschaft;Wer gibt die besten Ratschläge, ignoriert aber eigene?;
In der Freundschaft;Wer sagt immer die Wahrheit – auch wenn's weh tut?;
In der Freundschaft;Wer hat immer Snacks und Pflaster dabei?;
In der Freundschaft;Wer hat den besten Humor?;
In der Freundschaft;Wer vergisst Geburtstage, aber merkt sich peinliche Geschichten?;
In der Freundschaft;Wer bringt immer neue Leute mit?;
In der Freundschaft;Wer plant Ausflüge, die nie stattfinden?;
In der Freundschaft;Wer antwortet auf Nachrichten nach drei Wochen?;
In der Freundschaft;Wer hat immer einen Rat, den niemand hören will?;
In der Freundschaft;Wer bringt Chaos, aber auch Spaß?;
In der Freundschaft;Wer macht aus jedem Treffen ein Abenteuer?;
In der Freundschaft;Wer hat die meisten Insider-Witze?;
In der Freundschaft;Wer vergisst ständig, was besprochen wurde?;
In der Freundschaft;Wer bringt Geschenke, die keiner versteht?;
In der Freundschaft;Wer bringt immer die schlechtesten Witze?;
In der Freundschaft;Wer vergisst immer, wo das Treffen stattfindet?;
In der Freundschaft;Wer bringt immer das falsche Geschenk mit?;
In der Freundschaft;Wer plant einen Spieleabend und schläft dann ein?;
In der Freundschaft;Wer fragt nach dem Treffpunkt, wenn alle schon da sind?;
In der Freundschaft;Wer bringt immer zu viel Essen mit?;
In der Freundschaft;Wer vergisst, dass er eingeladen hat?;
In der Freundschaft;Wer macht aus jedem Spaziergang ein Abenteuer?;
In der Freundschaft;Wer bringt immer neue Ausreden für Verspätungen?;
In der Freundschaft;Wer fragt nach dem Plan, wenn es keinen gibt?;

Im Alltag;Wer vergisst ständig den Schlüssel?;
Im Alltag;Wer isst heimlich im Bett?;
Im Alltag;Wer lebt im Chaos, aber findet alles?;
Im Alltag;Wer braucht ewig im Bad?;
Im Alltag;Wer kauft alles doppelt, nur um nichts zu vergessen?;
Im Alltag;Wer redet mit sich selbst beim Einkaufen?;
Im Alltag;Wer bestellt am häufigsten Essen?;
Im Alltag;Wer putzt aus Frust?;
Im Alltag;Wer denkt zu viel über Kleinigkeiten nach?;
Im Alltag;Wer steht am längsten unter der Dusche?;
Im Alltag;Wer hat einen Kalender, aber benutzt ihn nie?;
Im Alltag;Wer vergisst, was er gerade gesucht hat?;
Im Alltag;Wer macht To-Do-Listen und verliert sie sofort?;
Im Alltag;Wer bestellt online und wundert sich über Pakete?;
Im Alltag;Wer redet mit dem Staubsauger?;
Im Alltag;Wer hat immer einen Plan B, aber keinen Plan A?;
Im Alltag;Wer findet Ausreden für alles – sogar fürs Aufstehen?;
Im Alltag;Wer hat mehr Apps als Kontakte?;
Im Alltag;Wer vergisst, dass er schon gegessen hat?;
Im Alltag;Wer macht aus dem Wocheneinkauf ein Abenteuer?;
Im Alltag;Wer bringt immer die falschen Einkäufe mit?;
Im Alltag;Wer vergisst, dass Sonntag ist und alles zu hat?;
Im Alltag;Wer macht aus dem Müllrausbringen ein Event?;
Im Alltag;Wer fragt nach dem Wetter, wenn er schon draußen ist?;
Im Alltag;Wer bringt immer zu viel Kleingeld mit?;
Im Alltag;Wer vergisst, dass er schon Kaffee gemacht hat?;
Im Alltag;Wer macht aus dem Wäschewaschen ein Abenteuer?;
Im Alltag;Wer bringt immer die Post für die Nachbarn mit?;
Im Alltag;Wer fragt nach dem WLAN-Passwort im eigenen Haus?;
Im Alltag;Wer vergisst, dass er schon gegessen hat – und isst nochmal?;

In der Familie;Wer wird immer bevorzugt?;
In der Familie;Wer kocht am besten?;
In der Familie;Wer sorgt für die besten Streitereien?;
In der Familie;Wer übernimmt die Planung bei Familienfesten?;
In der Familie;Wer ist der heimliche Favorit der Oma?;
In der Familie;Wer lebt noch zuhause?;
In der Familie;Wer ruft nie an, aber ist beleidigt, wenn keiner anruft?;
In der Familie;Wer bringt immer die besten Geschenke mit?;
In der Familie;Wer redet ständig über alte Geschichten?;
In der Familie;Wer kommt immer zu spät zu Familientreffen?;
In der Familie;Wer bringt immer Streit zum Familienfest?;
In der Familie;Wer vergisst Namen von Verwandten?;
In der Familie;Wer erzählt immer dieselben Geschichten?;
In der Familie;Wer bringt Chaos in jede Familienfeier?;
In der Familie;Wer hat die meisten Familien-Insider?;
In der Familie;Wer plant Urlaube, die nie stattfinden?;
In der Familie;Wer bringt Haustiere mit, ohne zu fragen?;
In der Familie;Wer macht aus jedem Essen ein Fest?;
In der Familie;Wer hat immer einen Spruch auf Lager?;
In der Familie;Wer vergisst, wer wen eingeladen hat?;
In der Familie;Wer bringt immer das falsche Geschenk zum Geburtstag?;
In der Familie;Wer vergisst, wer alles zur Familie gehört?;
In der Familie;Wer macht aus jedem Streit ein Drama?;
In der Familie;Wer bringt immer neue Familienmitglieder mit?;
In der Familie;Wer fragt nach dem Familientreffen, wenn es schon vorbei ist?;
In der Familie;Wer bringt immer zu viel Essen mit?;
In der Familie;Wer vergisst, dass er eingeladen wurde?;
In der Familie;Wer macht aus jedem Ausflug ein Abenteuer?;
In der Familie;Wer bringt immer die besten Ausreden?;
In der Familie;Wer fragt nach dem Plan, wenn es keinen gibt?;

In der Zukunft;Wer wird als erstes Millionär?;
In der Zukunft;Wer hat einen geheimen Plan für die Weltherrschaft?;
In der Zukunft;Wer wird in einem Tiny House leben?;
In der Zukunft;Wer hat am ehesten eine Reality-Show?;
In der Zukunft;Wer wird Aussteiger auf einem Bauernhof?;
In der Zukunft;Wer gründet ein Start-up mit absurden Ideen?;
In der Zukunft;Wer wird ein Bestseller-Autor?;
In der Zukunft;Wer lebt irgendwann auf einer Insel?;
In der Zukunft;Wer arbeitet noch mit 80, weil es Spaß macht?;
In der Zukunft;Wer lebt später mit 10 Katzen zusammen?;
In der Zukunft;Wer plant schon die Midlife-Crisis mit 25?;
In der Zukunft;Wer glaubt, dass Einhörner bald Haustiere sind?;
In der Zukunft;Wer bringt immer neue Zukunftsvisionen mit?;
In der Zukunft;Wer fragt nach dem Wetter auf dem Mars?;
In der Zukunft;Wer plant, später in einem Schloss zu wohnen?;
In der Zukunft;Wer bringt immer neue Ideen für die Zukunft?;
In der Zukunft;Wer vergisst, dass die Zukunft schon begonnen hat?;
In der Zukunft;Wer macht aus jedem Plan einen Zukunftstraum?;
In der Zukunft;Wer fragt nach dem Sinn des Lebens – beim Frühstück?;
In der Zukunft;Wer bringt immer die verrücktesten Zukunftspläne?;

Beim Essen;Wer hat die seltsamsten Essgewohnheiten?;
Beim Essen;Wer bestellt im Restaurant immer das Gleiche?;
Beim Essen;Wer nimmt das letzte Stück Pizza, ohne zu fragen?;
Beim Essen;Wer könnte bei einem All-you-can-eat rausgeworfen werden?;
Beim Essen;Wer hat schon mal heimlich was aus dem Kühlschrank anderer gegessen?;
Beim Essen;Wer isst am langsamsten, als wäre es ein Ritual?;
Beim Essen;Wer fotografiert jedes Essen, bevor es gegessen wird?;
Beim Essen;Wer hat die schrägsten Kombinationen (z. B. Nutella mit Käse)?;
Beim Essen;Wer hat am ehesten Snacks in der Jackentasche?;
Beim Essen;Wer kocht am schlechtesten, tut aber so als wär’s Haute Cuisine?;
Beim Essen;Wer fragt nach Ketchup im Sternerestaurant?;
Beim Essen;Wer bestellt Salat – und isst nur die Croutons?;
Beim Essen;Wer macht aus jedem Essen ein Fotoshooting?;
Beim Essen;Wer bringt Tupperdosen ins Buffet?;
Beim Essen;Wer fragt nach der Speisekarte auf Klingonisch?;
Beim Essen;Wer verwechselt Dessert mit Hauptgericht?;
Beim Essen;Wer bestellt immer das, was aus ist?;
Beim Essen;Wer fragt nach veganem Wasser?;
Beim Essen;Wer bringt Snacks ins Kino – für die ganze Reihe?;
Beim Essen;Wer hält Diät, aber nur bis zum Nachtisch?;
Beim Essen;Wer isst Pizza mit Messer und Gabel – und schämt sich nicht?;
Beim Essen;Wer bringt immer scharfe Soße mit – auch zum Frühstück?;
Beim Essen;Wer fragt nach der Rechnung, bevor das Essen kommt?;
Beim Essen;Wer bestellt Nachspeise als Vorspeise?;
Beim Essen;Wer bringt sein eigenes Besteck ins Restaurant?;
Beim Essen;Wer fragt nach Allergenen, isst aber alles?;
Beim Essen;Wer macht aus dem Abendessen ein Drei-Gänge-Menü – spontan?;
Beim Essen;Wer bringt immer einen Snack für den Notfall?;
Beim Essen;Wer fragt nach dem Rezept – und kocht es nie?;
Beim Essen;Wer bestellt immer das, was am längsten dauert?;
Beim Essen;Wer bringt Essen für alle – aber isst alles selbst?;
Beim Essen;Wer fragt nach Leitungswasser mit Zitrone?;
Beim Essen;Wer macht aus dem Picknick ein Gourmet-Event?;
Beim Essen;Wer bringt immer Kuchen mit, aber vergisst die Gabeln?;

Im Bad;Wer braucht am längsten vorm Spiegel?;
Im Bad;Wer hat die meisten Pflegeprodukte?;
Im Bad;Wer singt am lautesten unter der Dusche?;
Im Bad;Wer macht aus dem Zähneputzen ein Drama?;
Im Bad;Wer nutzt den letzten Millimeter Zahnpasta?;
Im Bad;Wer geht heimlich an die Cremes der anderen?;
Im Bad;Wer führt innere Dialoge vorm Spiegel?;
Im Bad;Wer hat den chaotischsten Waschtisch?;
Im Bad;Wer lässt Haare überall liegen?;
Im Bad;Wer duscht stundenlang und philosophiert dabei?;
Im Bad;Wer macht aus dem Duschen eine Bühnenshow?;
Im Bad;Wer vergisst immer das Handtuch?;
Im Bad;Wer benutzt Shampoo als Duschgel – und umgekehrt?;
Im Bad;Wer singt Opernarien, obwohl niemand zuhört?;
Im Bad;Wer macht Selfies im Bademantel?;
Im Bad;Wer diskutiert mit dem Spiegelbild?;
Im Bad;Wer hat mehr Cremes als Platz?;
Im Bad;Wer tanzt beim Zähneputzen?;
Im Bad;Wer macht aus dem Bad ein Spa?;
Im Bad;Wer vergisst, dass andere auch mal ins Bad wollen?;
Im Bad;Wer bringt Snacks mit in die Badewanne?;
Im Bad;Wer liest auf dem Klo ganze Romane?;
Im Bad;Wer macht aus dem Föhnen ein Windkanal-Experiment?;
Im Bad;Wer hat ein Duschgel für jede Stimmung?;
Im Bad;Wer macht aus dem Rasieren eine Wissenschaft?;
Im Bad;Wer vergisst, das Licht auszumachen?;
Im Bad;Wer macht aus dem Waschbecken ein Planschbecken?;
Im Bad;Wer hat ein Handtuch für jeden Wochentag?;
Im Bad;Wer führt Interviews mit sich selbst vorm Spiegel?;
Im Bad;Wer macht aus dem Zähneputzen ein Workout?;
Im Bad;Wer hat eine Playlist nur fürs Bad?;
Im Bad;Wer macht aus dem Badputzen eine Schaumparty?;
Im Bad;Wer vergisst, dass die Zahnbürste elektrisch ist?;
Im Bad;Wer macht aus dem Duschen einen Podcast?;

Im Internet;Wer kommentiert alles, was ihm in den Feed kommt?;
Im Internet;Wer hat schon mal aus Versehen ein altes Foto geliket?;
Im Internet;Wer teilt die meisten Memes?;
Im Internet;Wer googelt jede Kleinigkeit sofort?;
Im Internet;Wer hat das peinlichste Profilbild?;
Im Internet;Wer liest Kommentare – und antwortet wütend?;
Im Internet;Wer stalkt still, aber gründlich?;
Im Internet;Wer hat schon mal was super Peinliches gepostet und gelöscht?;
Im Internet;Wer gibt sich online komplett anders?;
Im Internet;Wer postet Storys aus dem Supermarkt?;
Im Internet;Wer hat einen Online-Warenkorb voller Dinge, die er nie kauft?;
Im Internet;Wer kommentiert unter Promi-Posts, als wären sie Freunde?;
Im Internet;Wer postet Urlaubsbilder aus dem letzten Jahr als „Throwback“?;
Im Internet;Wer hat mehr Follower als echte Freunde?;
Im Internet;Wer macht aus jedem Like ein Event?;
Im Internet;Wer hat schon mal einen Shitstorm ausgelöst – aus Versehen?;
Im Internet;Wer postet Screenshots von Chats – mit Emoji-Zensur?;
Im Internet;Wer hat ein Profilbild, das 10 Jahre alt ist?;
Im Internet;Wer schreibt Rezensionen für Produkte, die er nie gekauft hat?;
Im Internet;Wer hat eine Playlist für jede Lebenslage – und teilt sie ungefragt?;
Im Internet;Wer hat einen Blog über Dinge, die niemand versteht?;
Im Internet;Wer verschickt Kettenbriefe – aus Nostalgie?;
Im Internet;Wer hat einen Online-Freund, den niemand kennt?;
Im Internet;Wer kommentiert eigene Posts, um Diskussionen zu starten?;
Im Internet;Wer hat schon mal einen Livestream gemacht – für sich selbst?;
Im Internet;Wer hat ein Meme-Archiv auf dem Handy?;
Im Internet;Wer postet Foodpics, die aussehen wie Kunstwerke?;
Im Internet;Wer hat einen geheimen TikTok-Account?;
Im Internet;Wer liked alles, um nicht aufzufallen?;
Im Internet;Wer hat einen Online-Kalender, aber vergisst alle Termine?;
Im Internet;Wer hat einen Social-Media-Detox versucht – und ist gescheitert?;
Im Internet;Wer postet Motivationssprüche – und hält sich nie daran?;
Im Internet;Wer hat einen Online-Shop, aber keine Kunden?;
Im Internet;Wer kommentiert mit GIFs, die niemand versteht?;
Im Internet;Wer hat einen Online-Crush, den er nie anschreibt?;

Im Straßenverkehr;Wer hupt sofort, wenn’s grün wird?;
Im Straßenverkehr;Wer fährt, als wäre er im Videospiel?;
Im Straßenverkehr;Wer singt lauter als der Motor?;
Im Straßenverkehr;Wer ist Beifahrer mit Kommentarpflicht?;
Im Straßenverkehr;Wer hat die meisten Strafzettel?;
Im Straßenverkehr;Wer verpasst immer Ausfahrten?;
Im Straßenverkehr;Wer tut so, als kenne er jede Abkürzung – und fährt Umweg?;
Im Straßenverkehr;Wer redet mit dem Navi?;
Im Straßenverkehr;Wer tankt immer erst im letzten Moment?;
Im Straßenverkehr;Wer würde nie jemanden reinlassen?;
Im Straßenverkehr;Wer fährt immer im Schneckentempo?;
Im Straßenverkehr;Wer vergisst ständig, wo das Auto steht?;
Im Straßenverkehr;Wer singt an der Ampel lauter als das Radio?;
Im Straßenverkehr;Wer diskutiert mit dem Navi?;
Im Straßenverkehr;Wer fährt Umwege, um Staus zu vermeiden – und landet im Stau?;
Im Straßenverkehr;Wer hupt aus Prinzip?;
Im Straßenverkehr;Wer macht aus jedem Stau eine Party?;
Im Straßenverkehr;Wer vergisst, dass der Blinker existiert?;
Im Straßenverkehr;Wer fährt mit Sonnenbrille – auch nachts?;
Im Straßenverkehr;Wer macht aus dem Parken eine Wissenschaft?;
Im Straßenverkehr;Wer hat immer Snacks im Handschuhfach?;
Im Straßenverkehr;Wer fährt mit offenen Fenstern – bei jedem Wetter?;
Im Straßenverkehr;Wer redet mit dem Auto, als wäre es ein Haustier?;
Im Straßenverkehr;Wer macht aus dem Tanken ein Abenteuer?;
Im Straßenverkehr;Wer vergisst, dass er Beifahrer ist?;
Im Straßenverkehr;Wer macht aus dem Rückwärtsfahren eine Show?;
Im Straßenverkehr;Wer hat immer eine Ausrede für zu schnelles Fahren?;
Im Straßenverkehr;Wer macht aus dem Fahrradfahren ein Rennen?;
Im Straßenverkehr;Wer vergisst, dass die Ampel grün ist?;
Im Straßenverkehr;Wer macht aus dem Blinken ein Morsezeichen?;
Im Straßenverkehr;Wer fährt mit Navi – und fragt trotzdem nach dem Weg?;
Im Straßenverkehr;Wer macht aus dem Einparken ein Gruppenevent?;
Im Straßenverkehr;Wer fährt mit Winterreifen im Sommer?;
Im Straßenverkehr;Wer macht aus dem Stau eine Karaoke-Session?;

Bei Filmen & Serien;Wer spoilert versehentlich alles?;
Bei Filmen & Serien;Wer schläft IMMER mitten im Film ein?;
Bei Filmen & Serien;Wer lacht an Stellen, die nicht lustig sind?;
Bei Filmen & Serien;Wer kennt alle Zitate auswendig?;
Bei Filmen & Serien;Wer weint bei Animationsfilmen?;
Bei Filmen & Serien;Wer guckt heimlich weiter, obwohl man „zusammen“ schauen wollte?;
Bei Filmen & Serien;Wer liest vorab den Plot auf Wikipedia?;
Bei Filmen & Serien;Wer versteht nie, wer wer ist?;
Bei Filmen & Serien;Wer diskutiert nach jeder Folge stundenlang?;
Bei Filmen & Serien;Wer schaut lieber Making-Ofs als den Film selbst?;
Bei Filmen & Serien;Wer schaut Filme nur wegen der Popcorn-Maschine?;
Bei Filmen & Serien;Wer kennt alle Easter Eggs, aber keine Handlung?;
Bei Filmen & Serien;Wer schaut Serien nur, um mitreden zu können?;
Bei Filmen & Serien;Wer macht aus jedem Filmabend ein Quiz?;
Bei Filmen & Serien;Wer schaut Filme in Originalsprache – versteht aber nichts?;
Bei Filmen & Serien;Wer hat eine Watchlist, die nie kürzer wird?;
Bei Filmen & Serien;Wer schaut Serien rückwärts, um Spoiler zu vermeiden?;
Bei Filmen & Serien;Wer diskutiert über Filmfehler, statt zuzuschauen?;
Bei Filmen & Serien;Wer schaut Abspann, um alle Namen zu lesen?;
Bei Filmen & Serien;Wer macht aus jedem Filmabend ein Event mit Dresscode?;
Bei Filmen & Serien;Wer schaut Horrorfilme mit Licht an?;
Bei Filmen & Serien;Wer schaut Serien nur mit Snacks?;
Bei Filmen & Serien;Wer schaut Filme und schläft nach 10 Minuten ein?;
Bei Filmen & Serien;Wer schaut Serien, die niemand kennt?;
Bei Filmen & Serien;Wer schaut Filme nur, wenn es regnet?;
Bei Filmen & Serien;Wer schaut Serien, um zu entspannen – und regt sich auf?;
Bei Filmen & Serien;Wer schaut Filme, aber googelt die Handlung parallel?;
Bei Filmen & Serien;Wer schaut Serien, aber vergisst die Namen der Figuren?;
Bei Filmen & Serien;Wer schaut Filme, aber redet die ganze Zeit?;
Bei Filmen & Serien;Wer schaut Serien, aber spoilert sich selbst?;
Bei Filmen & Serien;Wer schaut Filme, aber versteht das Ende nie?;
Bei Filmen & Serien;Wer schaut Serien, aber schaut nie zu Ende?;
Bei Filmen & Serien;Wer schaut Filme, aber schläft im Kino ein?;
Bei Filmen & Serien;Wer schaut Serien, aber schaut immer wieder die gleiche Folge?;
Bei Filmen & Serien;Wer schaut Filme, aber schaut nur die Trailer?;

In der WG;Wer lässt überall seine Socken liegen?;
In der WG;Wer verbraucht immer das Klopapier – und kauft keins nach?;
In der WG;Wer bringt ungefragt Gäste mit?;
In der WG;Wer kocht, aber räumt nie auf?;
In der WG;Wer hat den schlimmsten Musikgeschmack beim Putzen?;
In der WG;Wer vergisst ständig, die Haustür abzuschließen?;
In der WG;Wer redet nachts laut im Schlaf?;
In der WG;Wer behauptet, Mülltrennung sei ein Konstrukt?;
In der WG;Wer nimmt den Mitbewohnern heimlich Shampoo weg?;
In der WG;Wer duscht genau dann, wenn du ins Bad willst?;
In der WG;Wer macht aus dem Flur eine Galerie für vergessene Schuhe?;
In der WG;Wer bringt immer neue Pflanzen, aber gießt sie nie?;
In der WG;Wer veranstaltet WG-Kochduelle mit absurden Zutaten?;
In der WG;Wer vergisst ständig, den Müll rauszubringen?;
In der WG;Wer macht aus dem Wohnzimmer ein Fitnessstudio?;
In der WG;Wer bringt Gäste mit, die niemand kennt?;
In der WG;Wer hat einen geheimen Snackvorrat?;
In der WG;Wer diskutiert über die richtige Spültechnik?;
In der WG;Wer macht aus dem Putzplan ein Strategiespiel?;
In der WG;Wer bringt immer neue Deko-Ideen, die niemand versteht?;
In der WG;Wer veranstaltet Karaoke-Abende ohne Ankündigung?;
In der WG;Wer vergisst, dass die Waschmaschine läuft?;
In der WG;Wer macht aus dem Balkon einen Dschungel?;
In der WG;Wer bringt immer neue Mitbewohner – zumindest für eine Nacht?;
In der WG;Wer macht aus dem Kühlschrank ein Tetris-Spiel?;
In der WG;Wer bringt immer neue Regeln, die niemand befolgt?;
In der WG;Wer macht aus dem WG-Abend ein Rollenspiel?;
In der WG;Wer macht aus dem WG-Putzplan eine PowerPoint-Präsentation?;
In der WG;Wer bringt immer einen Mitbewohner mit, der nur zum Schlafen kommt?;
In der WG;Wer macht aus dem WG-Kühlschrank ein Escape Room?;
In der WG;Wer bringt immer neue Pflanzen, die nach einer Woche verschwinden?;
In der WG;Wer macht aus dem WG-Abend eine Karaoke-Show?;
In der WG;Wer bringt immer einen neuen Mitbewohner, der nur für ein Wochenende bleibt?;
In der WG;Wer macht aus dem WG-Leben eine Soap-Opera?;
In der WG;Wer bringt immer einen Ersatzschlüssel, verliert ihn aber sofort?;
In der WG;Wer macht aus dem WG-Flur eine Kunstausstellung?;
In der WG;Wer bringt immer einen Mitbewohner mit, der nur Pizza isst?;

Beim Flirten;Wer benutzt die schlimmsten Anmachsprüche?;
Beim Flirten;Wer flirtet, ohne es zu merken?;
Beim Flirten;Wer flüchtet, wenn jemand flirtet?;
Beim Flirten;Wer flirtet mit dem Barkeeper nur wegen gratis Shots?;
Beim Flirten;Wer macht Augen – aber verliert dann den Mut?;
Beim Flirten;Wer denkt jedes Lächeln ist ein Flirt?;
Beim Flirten;Wer hat schon mal „aus Versehen“ die falsche Nummer gegeben?;
Beim Flirten;Wer flirtet in GIFs statt Worten?;
Beim Flirten;Wer endet nach dem Flirt mit einem philosophischen Monolog?;
Beim Flirten;Wer wurde schon mal beim Flirten ausgelacht?;
Beim Flirten;Wer flirtet mit dem Spiegel, um zu üben?;
Beim Flirten;Wer bringt beim Date ein Notizbuch für Flirtpunkte mit?;
Beim Flirten;Wer fragt nach dem Sternzeichen, bevor er den Namen kennt?;
Beim Flirten;Wer macht aus jedem Gespräch ein Bewerbungsgespräch?;
Beim Flirten;Wer bringt immer einen Freund als „Wingman“ mit?;
Beim Flirten;Wer flirtet mit dem Kellner, um das Dessert gratis zu bekommen?;
Beim Flirten;Wer macht aus dem ersten Date ein Verhör?;
Beim Flirten;Wer bringt immer einen Witz, der nicht ankommt?;
Beim Flirten;Wer flirtet mit Emojis, die niemand versteht?;
Beim Flirten;Wer macht aus dem Flirt ein Rollenspiel?;
Beim Flirten;Wer flirtet mit dem Spiegel im Aufzug?;
Beim Flirten;Wer bringt immer einen Flirt-Ratgeber mit?;
Beim Flirten;Wer macht aus dem Flirt ein Improvisationsspiel?;
Beim Flirten;Wer bringt immer einen Freund mit, der alles kommentiert?;
Beim Flirten;Wer flirtet mit dem Haustier des Dates, statt mit dem Date?;
Beim Flirten;Wer macht aus dem Flirt ein Gedicht?;
Beim Flirten;Wer bringt immer einen Witz, den niemand versteht?;
Beim Flirten;Wer flirtet mit Emojis, die niemand deuten kann?;
Beim Flirten;Wer macht aus dem Flirt ein Rollenspiel mit Kostüm?;
Beim Flirten;Wer bringt immer einen Regenschirm, auch bei Sonne?;

Auf Partys mit Fremden;Wer findet immer sofort Anschluss?;
Auf Partys mit Fremden;Wer sitzt am liebsten mit dem Hund draußen?;
Auf Partys mit Fremden;Wer tut so, als würde er jemanden kennen, um nicht alleine zu stehen?;
Auf Partys mit Fremden;Wer kennt nach 10 Minuten die komplette Lebensgeschichte von jemandem?;
Auf Partys mit Fremden;Wer verabschiedet sich heimlich ohne Tschüss zu sagen?;
Auf Partys mit Fremden;Wer fragt zu früh zu tiefgründige Dinge?;
Auf Partys mit Fremden;Wer redet nur über sein Startup?;
Auf Partys mit Fremden;Wer filmt heimlich für TikTok?;
Auf Partys mit Fremden;Wer startet eine politische Diskussion und bereut es sofort?;
Auf Partys mit Fremden;Wer redet eine Stunde mit dem DJ über Basslines?;
Auf Partys mit Fremden;Wer bringt immer ein Spiel mit, das niemand kennt?;
Auf Partys mit Fremden;Wer macht aus Smalltalk eine Wissenschaft?;
Auf Partys mit Fremden;Wer bringt immer einen Snack für alle mit?;
Auf Partys mit Fremden;Wer tanzt als Erster, wenn die Musik startet?;
Auf Partys mit Fremden;Wer macht aus dem Kennenlernen ein Interview?;
Auf Partys mit Fremden;Wer bringt immer eine Playlist mit?;
Auf Partys mit Fremden;Wer macht aus dem Abschied eine Show?;
Auf Partys mit Fremden;Wer bringt immer ein Geschenk für den Gastgeber?;
Auf Partys mit Fremden;Wer macht aus dem Buffet ein Kunstwerk?;
Auf Partys mit Fremden;Wer bringt immer eine Kamera mit?;
Auf Partys mit Fremden;Wer macht aus dem Begrüßen eine Performance?;
Auf Partys mit Fremden;Wer bringt immer eine Überraschung mit?;
Auf Partys mit Fremden;Wer macht aus dem Smalltalk ein Improvisationstheater mit Requisiten?;
Auf Partys mit Fremden;Wer bringt immer einen Witz, den nur er selbst versteht?;
Auf Partys mit Fremden;Wer macht aus dem Kennenlernen ein Rollenspiel mit Rollenverteilung?;
Auf Partys mit Fremden;Wer bringt immer ein Geschenk, das niemand auspacken will?;
Auf Partys mit Fremden;Wer macht aus dem Abschied ein Drama mit Tränen?;
Auf Partys mit Fremden;Wer bringt immer eine Playlist, die niemand hören möchte?;
Auf Partys mit Fremden;Wer macht aus dem Buffet ein Kunstwerk aus Resten?;
Auf Partys mit Fremden;Wer bringt immer eine Kamera, aber vergisst die Speicherkarte?;
Auf Partys mit Fremden;Wer macht aus dem Begrüßen eine Performance mit Applaus?;
Auf Partys mit Fremden;Wer bringt immer eine Überraschung, die alle verwirrt?;

Beim Weltuntergang;Wer hortet zuerst Klopapier?;
Beim Weltuntergang;Wer gründet sofort eine Sekte?;
Beim Weltuntergang;Wer baut einen Bunker – und dekoriert ihn?;
Beim Weltuntergang;Wer tut so, als hätte er das alles kommen sehen?;
Beim Weltuntergang;Wer wird TikTok-Influencer der Apokalypse?;
Beim Weltuntergang;Wer isst alle Vorräte am ersten Tag?;
Beim Weltuntergang;Wer regt sich über schlechtes WLAN auf – obwohl alles brennt?;
Beim Weltuntergang;Wer läuft raus und fragt die Zombies nach ihren Gefühlen?;
Beim Weltuntergang;Wer macht Selfies mit dem Meteor?;
Beim Weltuntergang;Wer versucht, mit dem Weltuntergang zu verhandeln?;
Beim Weltuntergang;Wer bringt Popcorn mit, um zuzuschauen?;
Beim Weltuntergang;Wer macht aus dem Bunker eine Disco?;
Beim Weltuntergang;Wer bringt immer einen Plan B – und C?;
Beim Weltuntergang;Wer macht aus dem Weltuntergang ein Event?;
Beim Weltuntergang;Wer bringt immer eine Playlist für die Apokalypse?;
Beim Weltuntergang;Wer macht aus dem Notvorrat ein Festmahl?;
Beim Weltuntergang;Wer bringt immer ein Brettspiel mit?;
Beim Weltuntergang;Wer macht aus dem Weltuntergang eine Challenge?;
Beim Weltuntergang;Wer bringt immer einen Notfallplan, der nie gebraucht wird – und trotzdem stolz ist?;
Beim Weltuntergang;Wer macht aus dem Weltuntergang ein Kunstprojekt mit Recycling?;
Beim Weltuntergang;Wer bringt immer eine neue Theorie, warum alles schiefgeht?;
Beim Weltuntergang;Wer macht aus dem Bunker ein Escape Room mit Rätseln?;
Beim Weltuntergang;Wer bringt immer einen Snack für die Apokalypse, aber isst ihn vorher?;
Beim Weltuntergang;Wer macht aus dem Weltuntergang ein Gruppenfoto mit Filter?;
Beim Weltuntergang;Wer bringt immer eine Playlist, die niemand hören will – aber trotzdem läuft?;
Beim Weltuntergang;Wer macht aus dem Notvorrat ein Festmahl für alle?;
Beim Weltuntergang;Wer bringt immer ein Brettspiel mit, das niemand versteht?;
Beim Weltuntergang;Wer macht aus dem Weltuntergang eine Challenge mit Punkten?;

Im Paralleluniversum;Wer ist dort PräsidentIn einer Nation aus Käse?;
Im Paralleluniversum;Wer regiert ein Königreich aus Glitzer und Chaos?;
Im Paralleluniversum;Wer lebt auf einem Planeten, wo alle rückwärts laufen?;
Im Paralleluniversum;Wer hat einen Job als offizieller Regenbogenkämmler?;
Im Paralleluniversum;Wer kämpft gegen rebellische Pflanzen?;
Im Paralleluniversum;Wer ist der Star in einer Seifenoper mit sprechenden Möbeln?;
Im Paralleluniversum;Wer führt eine Revolution gegen die Farbe Beige an?;
Im Paralleluniversum;Wer wird in Glitzerwährung bezahlt?;
Im Paralleluniversum;Wer ist dort mit einem Kühlschrank verheiratet?;
Im Paralleluniversum;Wer wurde von Außerirdischen entführt – und fand's okay?;
Im Paralleluniversum;Wer bringt immer einen Reiseführer mit?;
Im Paralleluniversum;Wer macht aus dem Paralleluniversum ein Abenteuer?;
Im Paralleluniversum;Wer bringt immer ein Souvenir mit?;
Im Paralleluniversum;Wer macht aus dem Paralleluniversum eine Party?;
Im Paralleluniversum;Wer bringt immer eine neue Theorie über Parallelwelten?;
Im Paralleluniversum;Wer macht aus dem Paralleluniversum ein Rollenspiel?;
Im Paralleluniversum;Wer bringt immer einen Kompass, der nicht funktioniert?;
Im Paralleluniversum;Wer macht aus dem Paralleluniversum ein Kunstwerk?;
Im Paralleluniversum;Wer bringt immer eine neue Identität mit?;
Im Paralleluniversum;Wer bringt immer ein Souvenir, das niemand versteht?;
Im Paralleluniversum;Wer macht aus dem Paralleluniversum eine Schnitzeljagd?;
Im Paralleluniversum;Wer bringt immer eine Karte, die niemand lesen kann?;
Im Paralleluniversum;Wer bringt immer eine neue Theorie über Parallelwelten, aber glaubt keiner?;
Im Paralleluniversum;Wer macht aus dem Paralleluniversum ein Rollenspiel mit Kostümen?;
Im Paralleluniversum;Wer bringt immer einen Kompass, der rückwärts zeigt?;
Im Paralleluniversum;Wer macht aus dem Paralleluniversum ein Kunstwerk aus Alltagsgegenständen?;
Im Paralleluniversum;Wer bringt immer eine neue Identität mit, die niemand erkennt?;
Im Paralleluniversum;Wer macht aus dem Paralleluniversum ein Abenteuer mit Schatzsuche?;
Im Paralleluniversum;Wer bringt immer ein Souvenir, das niemand zuordnen kann?;
Im Paralleluniversum;Wer macht aus dem Paralleluniversum eine Schnitzeljagd mit Rätseln?;
Im Paralleluniversum;Wer bringt immer eine Karte, die niemand lesen kann – nicht mal er selbst?;
Im Paralleluniversum;Wer macht aus dem Paralleluniversum eine Party mit Dresscode?;

Im Land der schlechten Entscheidungen;Wer bestellt immer das Falsche?;
Im Land der schlechten Entscheidungen;Wer schreibt um 3 Uhr morgens Ex-PartnerInnen?;
Im Land der schlechten Entscheidungen;Wer nimmt nie die Jacke mit und friert?;
Im Land der schlechten Entscheidungen;Wer denkt, ein dritter Shot sei eine gute Idee?;
Im Land der schlechten Entscheidungen;Wer kauft impulsiv Dinge, die nie benutzt werden?;
Im Land der schlechten Entscheidungen;Wer diskutiert mit Behörden über Gefühle?;
Im Land der schlechten Entscheidungen;Wer antwortet auf Spam-Mails aus Mitleid?;
Im Land der schlechten Entscheidungen;Wer streitet über Verschwörungstheorien im Bus?;
Im Land der schlechten Entscheidungen;Wer verabredet sich zu Dates mit fragwürdigen Ideen?;
Im Land der schlechten Entscheidungen;Wer denkt: „Ach, was soll schon schiefgehen?“;
Im Land der schlechten Entscheidungen;Wer bringt immer eine Ausrede für alles?;
Im Land der schlechten Entscheidungen;Wer macht aus jeder Entscheidung ein Abenteuer?;
Im Land der schlechten Entscheidungen;Wer bringt immer einen Plan, der nie funktioniert?;
Im Land der schlechten Entscheidungen;Wer macht aus Fehlern Geschichten?;
Im Land der schlechten Entscheidungen;Wer bringt immer einen Freund mit, der noch schlechter entscheidet?;
Im Land der schlechten Entscheidungen;Wer macht aus dem Scheitern eine Show?;
Im Land der schlechten Entscheidungen;Wer bringt immer eine neue Idee, die niemand versteht?;
Im Land der schlechten Entscheidungen;Wer macht aus dem Chaos ein Kunstwerk?;
Im Land der schlechten Entscheidungen;Wer bringt immer einen Notfallplan, der nie gebraucht wird?;
Im Land der schlechten Entscheidungen;Wer macht aus dem Pech eine Tugend?;
Im Land der schlechten Entscheidungen;Wer bringt immer eine neue Ausrede, die niemand glaubt?;
Im Land der schlechten Entscheidungen;Wer macht aus jeder Entscheidung ein Abenteuer mit Risiko?;
Im Land der schlechten Entscheidungen;Wer bringt immer einen Plan, der schon beim Erzählen scheitert?;
Im Land der schlechten Entscheidungen;Wer macht aus Fehlern Geschichten, die er stolz erzählt?;
Im Land der schlechten Entscheidungen;Wer bringt immer einen Freund mit, der noch schlechter entscheidet – und lacht darüber?;
Im Land der schlechten Entscheidungen;Wer macht aus dem Scheitern eine Show mit Applaus?;
Im Land der schlechten Entscheidungen;Wer bringt immer eine neue Idee, die niemand versteht – nicht mal er selbst?;
Im Land der schlechten Entscheidungen;Wer macht aus dem Chaos ein Kunstwerk mit Farben?;
Im Land der schlechten Entscheidungen;Wer bringt immer einen Notfallplan, der nie gebraucht wird – aber immer dabei ist?;
Im Land der schlechten Entscheidungen;Wer macht aus dem Pech eine Tugend mit Medaille?;

Im inneren Monolog;Wer hat die lauteste Stimme im Kopf?;
Im inneren Monolog;Wer führt Streitgespräche, die nie stattgefunden haben?;
Im inneren Monolog;Wer denkt in Gedichtform, aber spricht in Memes?;
Im inneren Monolog;Wer kommentiert das eigene Leben wie ein Podcast?;
Im inneren Monolog;Wer stellt sich Applaus vor nach dem Zähneputzen?;
Im inneren Monolog;Wer ist gleichzeitig Anwalt, Kritiker und Fanclub der eigenen Gedanken?;
Im inneren Monolog;Wer wiederholt peinliche Situationen seit 2007?;
Im inneren Monolog;Wer hat ein Kopf-Komitee mit Namensschild?;
Im inneren Monolog;Wer verliert sich regelmäßig in Was-wäre-wenn-Simulationen?;
Im inneren Monolog;Wer erklärt sich selbst Dinge – und widerspricht sich dann?;
Im inneren Monolog;Wer bringt immer neue Stimmen ins Spiel?;
Im inneren Monolog;Wer macht aus Gedanken ein Theaterstück?;
Im inneren Monolog;Wer bringt immer eine neue Perspektive ein?;
Im inneren Monolog;Wer macht aus Zweifeln ein Ratespiel?;
Im inneren Monolog;Wer bringt immer eine Lösung, die niemand versteht?;
Im inneren Monolog;Wer macht aus Erinnerungen ein Musical?;
Im inneren Monolog;Wer bringt immer einen Witz, der nur im Kopf funktioniert?;
Im inneren Monolog;Wer macht aus Sorgen ein Gedicht?;
Im inneren Monolog;Wer bringt immer eine Frage, die niemand beantworten kann?;
Im inneren Monolog;Wer macht aus dem inneren Monolog ein Hörspiel?;
Im inneren Monolog;Wer bringt immer eine neue Stimme ins Spiel, die widerspricht?;
Im inneren Monolog;Wer macht aus Gedanken ein Theaterstück mit Applaus?;
Im inneren Monolog;Wer bringt immer eine neue Perspektive ein, die alles verkompliziert?;
Im inneren Monolog;Wer macht aus Zweifeln ein Ratespiel mit Preisen?;
Im inneren Monolog;Wer bringt immer eine Lösung, die niemand versteht – nicht mal er selbst?;
Im inneren Monolog;Wer macht aus Erinnerungen ein Musical mit Ohrwurm?;
Im inneren Monolog;Wer bringt immer einen Witz, der nur im Kopf funktioniert – aber trotzdem lacht?;
Im inneren Monolog;Wer macht aus Sorgen ein Gedicht mit Reimzwang?;
Im inneren Monolog;Wer bringt immer eine Frage, die niemand beantworten kann – nicht mal Google?;
Im inneren Monolog;Wer macht aus dem inneren Monolog ein Hörspiel mit Soundeffekten?;





